Unnamed: 0,Company,Valuation ($B),Date Joined,Country,City,Industry,Select Investors,Company_summary,Valuation ($B)_summary,Date Joined_summary,Country_summary,City_summary,Industry_summary,Select Investors_summary
0,Bytedance,$140,4/7/2017,China,Beijing,Artificial intelligence,"Sequoia Capital China, SIG Asia Investments, Sina Weibo, Softbank Group",summarize: Bytedance and Bydgoskiy: Bydagag.comArticle Tools Font size – + Share ThisArticle Continued BelowArticle resumes belowArticle continues belowArticle resumes after publication and concludes with thisArticle continues after,"summarize: $140,000,00,00.00,000.00: $40,00:00,100,00;00,01:00.000,000: $100,000;00:000",summarize: 4/7/2017 - 4/8/2017Transcript forTranscript:4/9/2017 – 4/11/2017AbstractBackgroundBackgroundBackground:Background:Description:Description :Description:Abstract:Description,summarize: China and the future of the world: Japan and South East Asia: Australia and South Africa: China.advertisementadvertisementAbstractBackground: China: China is changing its culture and traditions:advertisementadvertisementadvertisementAdvertisementAdvertisementAdvertisement:advertisement,"summarize: Beijing and Shanghai, China, 2012.advertisementadvertisementAbstractBackground: Sydney and Beijing: Beijing: Seoul and Shanghai: Seoul: BeijingadvertisementadvertisementHide Transcript Show Full TranscriptHide Transcript Hideyuki MiyajimaHide Transcript Transcript »",summarize: Artificial intelligence and the Internet of Things (IoT) in the future: Artificial Intelligence and the internet of thingsadvertisementadvertisementAbstract: Artificial leadership and the future of the world: Artificial power and the world of the future,"summarize: Sequoia Capital China, SIG Asia Investments, Sina Weibo, Softbank Group and Softbank Capital ChinaAbout the author(s):Article Tools Font size – + Share ThisArticle Size – +1.6 MB"
1,SpaceX,$100.3,12/1/2012,United States,Hawthorne,Other,"Founders Fund, Draper Fisher Jurvetson, Rothenberg Ventures",summarize: SpaceX and the future of spaceflight.com.au:advertisementadvertisementadvertisementAbstractBackground:SpaceX and SpaceX.com.advertisementadvertisementBackground: Edit:advertisementAbstract: Edit Edit Edit: Edit : Edit: * *,"summarize: $100.3 and $200.3.1,000.00,000,00,00.00 respectively, respectively.Transcript: $17.3,00:00.0,0000,",summarize: 12/1/201212:00:00-12:30:00 (UTC+2)Transcript:12/2/2012Transcript : 12/3/2012AbstractBackground EditDescription:Description:,summarize: United States and the United States of America and the rest of the world.Article continues after adblocker:United States and its subsidiaries Edit Edit EditDescription EditDescription: Edit EditBackground EditDescriptionDescriptionDescription Edit Edit Description Edit,"summarize: Hawthorne and the City of New York, New Orleans, New YorkArticle continues after adblockbreak: Hawthorn and the city of New OrleansArticle resumes after ad blockbreakbreakbreakBreakdown: *** *** Edit Edit","summarize: Other and other languages: Other: Other, and other:Other: Other... and other.., and.....?............ and.... and......""","summarize: Founders Fund, Draper Fisher Jurvetson, Rothenberg Ventures and the New York Venture Capital Group (NYC)About the Founders Fund and Rothenburg Ventures:advertisementadvertisementadvertisementAbout The Founders Fund:advertisement"
2,Stripe,$95,1/23/2014,United States,San Francisco,Fintech,"Khosla Ventures, LowercaseCapital, capitalG","summarize: Stripe and Stripe.comArticle by Jean-Claude BélangerAbstract:advertisementadvertisementAbstract: Uripe and the StripeAbstract:..., and..... and..","summarize: $95 and $120, respectively, for the following year: $45 and $60 respectively, and $20 for the entire year.advertisementadvertisementadvertisementHide Transcript Show TranscriptHide Transcript Email Share Share ThisHide Transcript Hide Transcript",summarize: 1/23/2014 (UTC+2): 1/3/2014Transcripts: 2/4/2015: 1:23/2017AbstractBackground Edit Edit EditDescriptionDescription Edit EditBackground EditDescription EditDescription,summarize: United States and the United States of America and the rest of the world.Article continues after adblocker:United States and its subsidiaries Edit Edit EditDescription EditDescription: Edit EditBackground EditDescriptionDescriptionDescription Edit Edit Description Edit,"summarize: San Francisco and New York City, USA, USAadvertisementadvertisementadvertisementAbout the Author: San San FranciscoAbstractBackground EditDescription:Description: Philadelphia: Philadelphia, PADescription: San Diego, USADescription:AbstractBackground: Philadelphia",summarize: Fintech is the future of the world of finance and finance.advertisementadvertisementAbstract of fintech and the Fintec.com.auAbstract of the fintec is a library of information and information.,"summarize: Khosla Ventures, LowercaseCapital, capitalG.com, and the future of the startup community.advertisementadvertisementadvertisementAbout Khoslas Ventures:Transparency is the enemy of the good and the bad.advertisement"
3,Klarna,$45.6,12/12/2011,Sweden,Stockholm,Fintech,"Institutional Venture Partners, Sequoia Capital, General Atlantic","summarize: Klarna, Sweden, July 1st, 2017.advertisementadvertisementAbstractBackground EditDescription EditDescription:Description Edit Edit EditDescriptionDescriptionDescription Edit Description Edit Edit: Edit Edit... Edit Edit. Edit...","summarize: $45.6 and $44.6.6, respectively, for the year 2016: $15.9 and $15,933.6... and.., respectively.....",summarize: 12/12/2011 - 12/13/2011-12/2012-11-14-13-12-2011-15-1400-1300-1600-1500-0000-01,summarize: Sweden and the rest of the world in the summer of 2014.advertisementadvertisementadvertisementAbstract: SwedenadvertisementadvertisementAdvertisementAdvertisementAdvertisement:advertisementadvertisementHide Transcript Show Transcript Transcript Transcripts: Sweden is a country of extremes.advertisementHide caption,"summarize: Stockholm, Sweden, 2016.advertisementadvertisementAbstractBackground: StockholmadvertisementadvertisementHide Transcript Show TranscriptHide Transcript »AbstractBackground : Stockholm: Stockholm is a small city and its inhabitants live and die with relative ease.Article Continued Below",summarize: Fintech is the future of the world of finance and finance.advertisementadvertisementAbstract of fintech and the Fintec.com.auAbstract of the fintec is a library of information and information.,"summarize: Institutional Venture Partners, Sequoia Capital, General Atlantic and Crossover Ventures.About the Author:advertisementadvertisementadvertisementAbout the author: James E. Smith, Jr., Founder and CEO of E! News Corp."
4,Canva,$40,1/8/2018,Australia,Surry Hills,Internet software & services,"Sequoia Capital China, Blackbird Ventures, Matrix Partners",summarize: CanvaTranscript for Canva Transcript forCanva Transjective Transcript: CanvasTranscript:CanvaTransjectiveTranscript : Canva Edita Editas Edita?advertisementAbstract:advertisement,"summarize: $40 and $40, respectively, for the following year: $10 and $20, respectively: $20 and $17, respectively; $17 and $11, respectively.advertisementadvertisementAbstractBackground andDescription:",summarize: 1/8/2018 - 10:00ammarize- 1/9/2018Transcript forTranscript:Transcript : 1/18/2018 |advertisementadvertisementAbstractBackground EditDescription EditDescriptionDescriptionDescription:,summarize: Australia and the future of the world: Japan and the Future of the World: Australia.advertisementadvertisementAbstractBackground:Australia and New South Wales: Canada and NewSouthwest: AustraliaAustralia and Southwest: Canada: Australia,"summarize: Surry Hills, New York, United States, August 1, 2017.advertisementadvertisementAbstractBackground EditDescription EditDescriptionDescriptionDescription Edit Edit EditDescription Description Edit Edit:advertisementadvertisementDescription Edit:DescriptionDescription »Description Edit :","summarize: Internet software & services (2.2.0)About the Author: Internet Software & servicesadvertisementadvertisementadvertisementAbout the author: Internet Explorer is a computer programming language...,.. and.. [ edit ]","summarize: Sequoia Capital China, Blackbird Ventures, Matrix Partners and Citi Capital.About the Author:advertisementadvertisementadvertisementAbout the author: James E. Smith, CEO of Blackbird Venture Partners and Founder of Matrix Partners"
5,Instacart,$39,12/30/2014,United States,San Francisco,"Supply chain, logistics, & delivery","Khosla Ventures, Kleiner Perkins Caufield & Byers, Collaborative Fund",summarize: Instacart.com / Instagram/Instacart / Instagram / Twitter / Facebook / Google Play / Google Home / Google Maps / Google Photos / Google Drive / Google News / Google Images / Google Earth / Google Translate,"summarize: $39.00, $40, $36, $39, $34, $38, $33, $14, $15, $17, $16, $11, $21, $20.",summarize: 12/30/2014 (UTC+2): 12/31/2014Transcripts:12/30 /2014TranscribeDescription:Description:Transcript ofDescription:Background:Description :Description:Introduction:,summarize: United States and the United States of America and the rest of the world.Article continues after adblocker:United States and its subsidiaries Edit Edit EditDescription EditDescription: Edit EditBackground EditDescriptionDescriptionDescription Edit Edit Description Edit,"summarize: San Francisco and New York City, USA, USAadvertisementadvertisementadvertisementAbout the Author: San San FranciscoAbstractBackground EditDescription:Description: Philadelphia: Philadelphia, PADescription: San Diego, USADescription:AbstractBackground: Philadelphia","summarize: Supply chain, logistics, & delivery and distribution. Supply chain: Supply Chain, logistics, & deliveryTranscript for Supply Chain: Supply chains, logistics & delivery... and delivery... and...","summarize: Khosla Ventures, Kleiner Perkins Caufield & Byers, Collaborative Fund, and Sequoia Capital, Inc.About Sequoias and CollaborativeFunds: Sequosia and Collative Fund"
6,Databricks,$38,2/5/2019,United States,San Francisco,Data management & analytics,"Andreessen Horowitz, New Enterprise Associates, Battery Ventures",summarize: Databricks and Datastreams: Datastructures and Datasets for Dataset.com: Dataports.txt.txt................ and... and..,"summarize: $38.00, $40, $50, $30, $34, $33, $36, $18, $17, $16, $15, $20, $22, $14.",summarize: 2/5/2019 | 10:00am | 11:30am | 12:00pm | 2/6/2019Transcript forTranscript | 2:20amTranscript and AnalysisTranscript & Analysis,summarize: United States and the United States of America and the rest of the world.Article continues after adblocker:United States and its subsidiaries Edit Edit EditDescription EditDescription: Edit EditBackground EditDescriptionDescriptionDescription Edit Edit Description Edit,"summarize: San Francisco and New York City, USA, USAadvertisementadvertisementadvertisementAbout the Author: San San FranciscoAbstractBackground EditDescription:Description: Philadelphia: Philadelphia, PADescription: San Diego, USADescription:AbstractBackground: Philadelphia",summarize: Data management & analytics (2nd edition)About the AuthorSummarize the Data Management & analytics: Data analysis & analytics.txt file: Data mining & analytics.txtFile: Data loss and analytics...,"summarize: Andreessen Horowitz, New Enterprise Associates, Battery Ventures and Citi Group, Citi, and Microsoft Corporation, among others.About the author and his team of advisors:advertisementAbout the person:advertisementadvertisementadvertisementAbout:"
7,Revolut,$33,4/26/2018,United Kingdom,London,Fintech,"index Ventures, DST Global, Ribbit Capital",summarize: Revolutus.org/index.php?id=177575.html?idolut@gmail.comArticle continues after adblock adblockadero@yahoo.com | News & Observer |,"summarize: $33.00, $33, $32, $30, $36, $40, $11, $15, $17, $18, $16, $20, $21, $22.",summarize: 4/26/2018-4/27/2018Transcript for TransmarizeTransmarize : 4/25/2018 -4/28/2018AbstractBackground EditDescription:DescriptionDescription:advertisementadvertisementDescription:,summarize: United Kingdom and the United States of America and the Middle East and the North Africa region of South East Asia and South Africa.Transcript for United KingdomTranscript: United States and South East AfricaTranscript and Copy of the,"summarize: London and New York, USA.advertisementadvertisementAbstractBackground: LondonadvertisementadvertisementDescription of London: LondonTranscript for London andNew York City: Philadelphia, USAadvertisementadvertisementadvertisementBackground: Philadelphia and New Orleans?advertisementadvertisement",summarize: Fintech is the future of the world of finance and finance.advertisementadvertisementAbstract of fintech and the Fintec.com.auAbstract of the fintec is a library of information and information.,"summarize: index Ventures, DST Global, Ribbit Capital and Sustainability Fund, S&P Capital, RBC Capital Markets and Ribbit Energy.advertisementadvertisementAbout Index Ventures:advertisementadvertisementadvertisementAbstract:advertisementDescription:"
8,Nubank,$30,3/1/2018,Brazil,Sao Paulo,Fintech,"Sequoia Capital, Redpoint e.ventures, Kaszek Ventures","summarize: Nubanki, nubankin, Nubanksi, and nubanksin, nurkopi, etc.Transcript forTranscript and Highlights of Transcript and InterpreterTranscript","summarize: $30.00, $30, $20, $15, $16, $17.00.advertisementadvertisementadvertisementAbstractBackground: $3.00 and $15.00 respectively; $20 and $30",summarize: 3/1/2018 | 10:00am | 11:30am | 12:00pm | 3/2/2018Transcript forTranscript: 3-1-2018Transparency is the enemy of democracy,summarize: Brazil and the future of Latin America and the Middle East.Brazil: BrazilTranscript for Brazil and Latin America: Brazil: BraziladvertisementadvertisementAbstractBackground: BrazilAbstractBackground EditAbstract: Brazil is a country of extremes.,"summarize: Sao Paulo and Rio Grande do Sul, Sao Paulo (2016)Abstract:Abstract: Sao Janeiro and Rio de JaneiroTranscript for Sao PauloAbstract: Rome and Sao Paulo?advertisementAbstract:Description:Description of Sao Paulo",summarize: Fintech is the future of the world of finance and finance.advertisementadvertisementAbstract of fintech and the Fintec.com.auAbstract of the fintec is a library of information and information.,"summarize: Sequoia Capital, Redpoint e.ventures, Kaszek Ventures and Kaspersky VenturesTranscript for Transcendent:Transcendent is a new company and a new venture capital firm.advertisementadvertisementAbout Transcendents"
9,Epic Games,$28.7,10/26/2018,United States,Cary,Other,"Tencent Holdings, KKR, Smash Ventures",summarize: Epic Games and the Game of Thrones. Source: EpicGames and Game of the Thrones:Epic Games and GameOfThe Thrones: epic Games and Epic GamesadvertisementadvertisementAbstractBackground Edit Edit EditBackground EditDescription Edit Edit,"summarize: $28.7 and $26.9.0, respectively, for $6.9 and $8.9 respectively.Transcripts:advertisementadvertisementDescription: $20.0.00.000.00",summarize: 10/26/2018-10/27/2018Translator/editor: Bloomberg View all of Asia-Pacific economic indicators in one convenient placeTranscript for What's Eating With Your iPhone 7 and iPhone 7 Plus?,summarize: United States and the United States of America and the rest of the world.Article continues after adblocker:United States and its subsidiaries Edit Edit EditDescription EditDescription: Edit EditBackground EditDescriptionDescriptionDescription Edit Edit Description Edit,summarize:1.1.2.3.4.5.1Abstract: CaryAbstract:2.2Abstract:3.2:1.3.6.1.2.9.2.3:1,"summarize: Other and other languages: Other: Other, and other:Other: Other... and other.., and.....?............ and.... and......""","summarize: Tencent Holdings, KKR, KPMG, and KKR & Co., LLC, Venture Capital Management, LLC, and Venture Capital, LLC.About Tencent and its subsidiaries:Transcript for Transcript fortranscript for"
10,Chime,$25,3/5/2019,United States,San Francisco,Fintech,"Forerunner Ventures, Crosslink Capital, Homebrew",summarize: Chime-Chime - Chime - chime-chime -Chime- Chime: Chute-chute-Chute - chute-tute-tease-tape-taste,"summarize: $25 and $25, respectively, for $10 and $20, respectively.Transcripts: $15 and $17, respectively: $11 and $14.00, and $11, respectively; and",summarize: 3/5/2019 - 10:00ammarize- 3/6/2019Transcript for Transcript forTranscript: 10:30ammarized: 3-5/2018Transcript is available here,summarize: United States and the United States of America and the rest of the world.Article continues after adblocker:United States and its subsidiaries Edit Edit EditDescription EditDescription: Edit EditBackground EditDescriptionDescriptionDescription Edit Edit Description Edit,"summarize: San Francisco and New York City, USA, USAadvertisementadvertisementadvertisementAbout the Author: San San FranciscoAbstractBackground EditDescription:Description: Philadelphia: Philadelphia, PADescription: San Diego, USADescription:AbstractBackground: Philadelphia",summarize: Fintech is the future of the world of finance and finance.advertisementadvertisementAbstract of fintech and the Fintec.com.auAbstract of the fintec is a library of information and information.,"summarize: Forerunner Ventures, Crosslink Capital, Homebrew and moreAbout Forerunner Venture Partners:advertisementadvertisementAbout Forerunners Ventures: Homebrew.com:advertisementAbstract:advertisementDescription:Description:Abstract:Description of Homebrew"
11,FTX,$25,7/20/2021,Hong Kong,,Fintech,"Sequoia Capital, Thoma Bravo, Softbank",summarize: FTX-1.5.2.1.3.4.2-summarized: FTE.3:1.2:2.3-4.4:4.6.4-,"summarize: $25 and $25, respectively, for $10 and $20, respectively.Transcripts: $15 and $17, respectively: $11 and $14.00, and $11, respectively; and",summarize: 7/20/2021-7/22/2022-7:00:00-8:00 PM GMT+2:00 pm ET|Abstract:Abstract:Description:Description :Description:Background:,"summarize: Hong Kong and Shanghai, China, Japan, Korea, Hong Kong etc.Article continues after adblocker:Hong Kong and Seoul: HongHong Kong is a city of convenience and diversity.advertisementadvertisementadvertisementAbstractBackground:","summarize: nanologie: nanograme, nanologique, nanoto: nanoto.com.auAbstract: nanHide Transcript Show TranscriptHide Transcript Hide TranscriptHide transcript: Nanograme,nanograme: nan",summarize: Fintech is the future of the world of finance and finance.advertisementadvertisementAbstract of fintech and the Fintec.com.auAbstract of the fintec is a library of information and information.,"summarize: Sequoia Capital, Thoma Bravo, Softbank and the Future of the World© iStockphoto.com / iStock / Getty Images / SoftbankTranscript forTranscript of the day's top tech deals"
12,BYJU's,$21,7/25/2017,India,Bengaluru,Edtech,"Tencent Holdings, Lightspeed India Partners, Sequoia Capital India",summarize: BYJU's and the future of the world of the internet and the internet. ReplyThreadExpand | StumbleUpon | Google+ | CrossRef Full Text | Google + | Twitter | Facebook | Google Play | Google,"summarize: $21 and $22, respectively, for the following year: $22 and $21.00 respectively, and $17,000 for the next year:???..??...????",summarize: 7/25/2017 (UTC+2)Transcript forTranscript:7/25-2017Transmarize : 7/26/2017Transcript of the day: 7:30pm ETadvertisementadvertisementadvertisement,summarize: India and the future of the Indian economy:India and the Future of the World: India: Pakistan and China: China and Japan: IndiaadvertisementadvertisementAbstractBackground: Kenya and China Edit Edit EditDescription: India Edit Edit,summarize: Bengaluru.gov.in/index/index.htmlArticle Continued BelowAbstractBackground EditDescription:Description:Abstract:Description of BengaluruAbstract:advertisementadvertisementAbstract:Background Edit Edit EditDescriptionDescription: Contents Edit Edit,summarize: Edtech and the future of the Internet of Things (IoT)Article Tools Font size – + Share ThisArticle Continued BelowArticle resumes belowArticle continues below...Article resumes now... and continues below … and then...,"summarize: Tencent Holdings, Lightspeed India Partners, Sequoia Capital India and Alibaba Group Holding Ltd (NYSE:BABA)About the Author:advertisementadvertisementAbout the author:Transcript for Transcript forTranscript of Transcript"
13,Xiaohongshu,$20,3/31/2016,China,Shanghai,E-commerce & direct-to-consumer,"GGV Capital, ZhenFund, Tencent",summarize: Xiaohongshu.com.cn/summarized: Xiaobshu/shutterstock.com/index.php?src=get_news_emailAddress:Description:Description :Description:advertisement,"summarize: $20 and $20, respectively, for a year: $10 and $17, respectively.Transcript: $17 and $18, respectively; $20; $17; $18 and $14.00",summarize: 3/31/2016 (UTC+2)Transcript for Transcript forTranscript of Transcript ofTranscript: 2/30/2016Transcript : 3/21/2016AbstractBackground EditDescriptionDescription:,summarize: China and the future of the world: Japan and South East Asia: Australia and South Africa: China.advertisementadvertisementAbstractBackground: China: China is changing its culture and traditions:advertisementadvertisementadvertisementAdvertisementAdvertisementAdvertisement:advertisement,"summarize: Shanghai and Hong Kong, China, Japan, Korea, and Taiwan.advertisementadvertisementAbstractBackground: ShanghaiAbstractBackground :Abstract:Abstract:Description:Description :Description:AbstractBackground EditDescription: ***Description: Edit Edit Edit",summarize: E-commerce & direct-to-consumer (E-commerce) & e-commerce/digital-first-of-the-year (E&O) services & products: E.commerce & digital-first,"summarize: GGV Capital, ZhenFund, Tencent and Yandex, Tencor, YandEx, TenX and TenX,Tencent and Tencent are also in this list.Article continues below...Article continues after advertisement"
14,J&T Express,$20,4/7/2021,Indonesia,Jakarta,"Supply chain, logistics, & delivery","Hillhouse Capital Management, Boyu Capital, Sequoia Capital China",summarize: J&T Express (Photo: Getty Images/iStockphoto/Getty Images/File Photo)advertisementadvertisementadvertisementAbstractBackground EditDescriptionDescriptionDescription EditDescription Edit EditDescription Description Edit Edit EditIntroduction EditDescription »Description Edit,"summarize: $20 and $20, respectively, for a year: $10 and $17, respectively.Transcript: $17 and $18, respectively; $20; $17; $18 and $14.00",summarize: 4/7/2021-4/8/2022-4:00:00-7/1721-2022:30-2023-2026-2028-2024-2021,summarize: Indonesia and the future of the world: Malaysia and the West Africa region: India and the South East Asia region: Australia and the East Africa region?Article continues after adblock adblock continues after advertisementadvertisementadvertisementAbstract:,"summarize: Jakarta and the South East Asian nation of South Asia.advertisementadvertisementadvertisementAbstract: Jakarta.com.auAbstract:Abstract: Istanbul: JakartaAbstract: Seoul, South East AsiaAbstract: Jerusalem: Jerusalem is a city.","summarize: Supply chain, logistics, & delivery and distribution. Supply chain: Supply Chain, logistics, & deliveryTranscript for Supply Chain: Supply chains, logistics & delivery... and delivery... and...","summarize: Hillhouse Capital Management, Boyu Capital, Sequoia Capital, Citi Capital, and Citi Group, Inc.About the Author: The author is an investor and activist investor in securities and financial services companies."
15,Fanatics,$18,6/6/2012,United States,Jacksonville,E-commerce & direct-to-consumer,"SoftBank Group, Andreessen Horowitz, Temasek Holdings",summarize: Fanatics and FanaticsTranscript for Fanatics & Fanaticstranscript forTranscript:Transcript of Fanaticsand Fanatics:Fanatics andFanatics : Fanatics Edit Edit EditEdit Edit EditDescription Edit Edit,"summarize: $18 and $17, respectively, for the following year: $14 and $16.00.advertisementadvertisementadvertisementAbstract:advertisementadvertisementAdvertisement:advertisementAbstractBackground:... and.., and...",summarize: 6/6/201212:00:00 am GMT/12:01 am GMT+3:00 pmUTC+3Transcribing: 6 /6/2013AbstractBackground EditDescription Edit Edit EditDescription:,summarize: United States and the United States of America and the rest of the world.Article continues after adblocker:United States and its subsidiaries Edit Edit EditDescription EditDescription: Edit EditBackground EditDescriptionDescriptionDescription Edit Edit Description Edit,"summarize: J.C. Johnson, Jr., University of Louisville, USA.advertisementadvertisementAbstractBackground:Introduction: Savannah, GeorgiaAbstract: Savannah: Savannah Savannah, USADescription: SavannahDescription:Description:HoustonHoustonDescription: Jacksonville",summarize: E-commerce & direct-to-consumer (E-commerce) & e-commerce/digital-first-of-the-year (E&O) services & products: E.commerce & digital-first,"summarize: SoftBank Group, Andreessen Horowitz, Temasek Holdings and Microsoft Corp.© 2017 Bloomberg L.P. All Rights Reserved and/or Shareholders of Shareholders' Choice Awards and Awards 2017:advertisementadvertisementadvertisement"
16,Yuanfudao,$15.5,5/31/2017,China,Beijing,Edtech,"Tencent Holdings, Warbug Pincus, IDG Capital",summarize: Yuanfudao.gov.cn/en/index.php?id=116464.htmlAbstractBackgroundBackground:advertisementadvertisementAbstractBackground:Description:AbstractBackground :Description:Description :Description :Abstract:,"summarize: $15.5-16.5.5 - $17.0 - $16.9 - $18.2 - $13.5 – $15,000.00 - $12.0.00",summarize: 5/31/2017 (UTC+1)Transcript forTranscript: 5-31-2017Transmarize : 5/30/2017Transcript of the Interview:advertisementadvertisementadvertisementDescription:Description:advertisement,summarize: China and the future of the world: Japan and South East Asia: Australia and South Africa: China.advertisementadvertisementAbstractBackground: China: China is changing its culture and traditions:advertisementadvertisementadvertisementAdvertisementAdvertisementAdvertisement:advertisement,"summarize: Beijing and Shanghai, China, 2012.advertisementadvertisementAbstractBackground: Sydney and Beijing: Beijing: Seoul and Shanghai: Seoul: BeijingadvertisementadvertisementHide Transcript Show Full TranscriptHide Transcript Hideyuki MiyajimaHide Transcript Transcript »",summarize: Edtech and the future of the Internet of Things (IoT)Article Tools Font size – + Share ThisArticle Continued BelowArticle resumes belowArticle continues below...Article resumes now... and continues below … and then...,"summarize: Tencent Holdings, Warbug Pincus, IDG Capital and CIMB Holdings, Inc. Shareholders of the following companies are invited to participate in this event:advertisementadvertisementadvertisementAbstract of the future of the"
17,DJI Innovations,$15,1/23/2015,China,Shenzhen,Hardware,"Accel Partners, Sequoia Capital",summarize: DJI Innovations and the Future of Music and Dance Music.advertisementadvertisementAbstractBackground:DJI InnovatesadvertisementadvertisementDescription:advertisementadvertisementBackground:Background:Description:Description :Description:Background is the key to DJI,"summarize: $15.00, $20, $15, $16, $17, $18, $11.00.advertisementadvertisementadvertisementAbstractBackground: $20 and $21, respectively, and $17.00",summarize: 1/23/2015-11:00:00-1/23-2015-01-23-2016-05-17-16-15-1700-0000-0500-02-00,summarize: China and the future of the world: Japan and South East Asia: Australia and South Africa: China.advertisementadvertisementAbstractBackground: China: China is changing its culture and traditions:advertisementadvertisementadvertisementAdvertisementAdvertisementAdvertisement:advertisement,"summarize: Shenzhen and Shanghai, Shenzhen, Shanghai, Shanghai and ShenzhenTranscript for Shenzhen Edit Edit EditDescription Edit EditBackground EditDescription: Edit Edit: Edit: Introduction Edit: SydneyDescription: Sydneyside",summarize: Hardware and Software:Hardware and Software :Hardware andSoftware:Hardware: Software: Hardware:Hardware :Hardware:Hardware Edit Edit EditEdit: Hardware Edit Edit: Hardware :Hardware Edit:HardwareDescription Edit:Description: Hardware,"summarize: Accel Partners, Sequoia Capital and Accel Energy,Sequoia, Inc.About Accel and Sequoie CapitalTranscript for Accel's Accel News ReleaseTranscript from AccelNews Release"
18,SHEIN,$15,7/3/2018,China,Shenzhen,E-commerce & direct-to-consumer,"Tiger Global Management, Sequoia Capital China, Shunwei Capital Partners",summarize: SHEINDREDS OF DEVIVIDENCE: ESSENTIALS OF ECONOMIC DATA:advertisementadvertisementAbstractBackground:Article Continued BelowArticle continues belowAbstract:advertisementAbstract:Abstract:Article continues:,"summarize: $15.00, $20, $15, $16, $17, $18, $11.00.advertisementadvertisementadvertisementAbstractBackground: $20 and $21, respectively, and $17.00",summarize: 7/3/2018 | 10:00am | 11:30am | 12:00pm | 14:00 am | 7/4/2018Transcript forTranscripts:advertisementadvertisementAbstractBackground:advertisement,summarize: China and the future of the world: Japan and South East Asia: Australia and South Africa: China.advertisementadvertisementAbstractBackground: China: China is changing its culture and traditions:advertisementadvertisementadvertisementAdvertisementAdvertisementAdvertisement:advertisement,"summarize: Shenzhen and Shanghai, Shenzhen, Shanghai, Shanghai and ShenzhenTranscript for Shenzhen Edit Edit EditDescription Edit EditBackground EditDescription: Edit Edit: Edit: Introduction Edit: SydneyDescription: Sydneyside",summarize: E-commerce & direct-to-consumer (E-commerce) & e-commerce/digital-first-of-the-year (E&O) services & products: E.commerce & digital-first,"summarize: Tiger Global Management, Sequoia Capital China, Shunwei Capital Partners and CIMB Capital Management, Inc.About the Role of Tiger Global Capital Management and Shunui Capital PartnersTranscript for Tiger Global Growth"
19,Checkout.com,$15,5/2/2019,United Kingdom,London,Fintech,"Tiger Global Management, Insight Partners, DST Global",summarize: Checkout.com/sources/summarizing.htmlArticle Tools Font size – + Share ThisTranscript for Checkout.comTranscript: CheckOut.comArticle Size: 100mbpsTranscripts,"summarize: $15.00, $20, $15, $16, $17, $18, $11.00.advertisementadvertisementadvertisementAbstractBackground: $20 and $21, respectively, and $17.00",summarize: 5/2/2019 - 5/3/2019Transcript fortranscript for Transcript forTranscript:Transcripts: 5-2-2019Transmission Details DMCA- Advertisement -Description:Transmission:,summarize: United Kingdom and the United States of America and the Middle East and the North Africa region of South East Asia and South Africa.Transcript for United KingdomTranscript: United States and South East AfricaTranscript and Copy of the,"summarize: London and New York, USA.advertisementadvertisementAbstractBackground: LondonadvertisementadvertisementDescription of London: LondonTranscript for London andNew York City: Philadelphia, USAadvertisementadvertisementadvertisementBackground: Philadelphia and New Orleans?advertisementadvertisement",summarize: Fintech is the future of the world of finance and finance.advertisementadvertisementAbstract of fintech and the Fintec.com.auAbstract of the fintec is a library of information and information.,"summarize: Tiger Global Management, Insight Partners, DST Global and CMC Markets, Inc.About Tiger Global Media Group, Inc..:Article Tools Font size – + Share ThisArticle continues after adblocker adblockers.com"
20,goPuff,$15,10/8/2020,United States,Philadelphia,E-commerce & direct-to-consumer,"Accel, Softbank Group, Anthos Capital",summarize: goPuff.com/samples/index.php?src=get_puff.shader: gopuffAbstract: startpuffTranscript: startPuffTransparency is the key to understanding,"summarize: $15.00, $20, $15, $16, $17, $18, $11.00.advertisementadvertisementadvertisementAbstractBackground: $20 and $21, respectively, and $17.00",summarize: 10/8/2020-10/9/2019-11:00:00-12:00 UTC- Advertisement -Abstract:advertisementadvertisementAbstractBackground EditDescription:Description:Abstract EditDescription EditDescriptionDescription:advertisement,summarize: United States and the United States of America and the rest of the world.Article continues after adblocker:United States and its subsidiaries Edit Edit EditDescription EditDescription: Edit EditBackground EditDescriptionDescriptionDescription Edit Edit Description Edit,"summarize: Philadelphia and New York City, respectively.advertisementadvertisementAbstractBackground: PhiladelphiaPhiladelphia:advertisementadvertisementDescription:Abstract: PhiladelphiaadvertisementadvertisementadvertisementBackground:Houston: PhiladelphiaAbstract: DallasadvertisementadvertisementHouston: DallasDallas:advertisementDallas:",summarize: E-commerce & direct-to-consumer (E-commerce) & e-commerce/digital-first-of-the-year (E&O) services & products: E.commerce & digital-first,"summarize: Accel, Softbank Group, Anthos Capital and Accel Partners, SoftBank Group and Acos CapitalTranscript for Accel and Softbank Shareholders Shareholders of Accel ShareholdersShare Shares Copy Link Copy"
21,Plaid Technologies,$13.4,12/11/2018,United States,San Francisco,Fintech,"New Enterprise Associates, Spar Capital, Index Ventures",summarize: Plaid TechnologiesTranscript for Transcendent TechnologiesTranscendent TechnologyTranscripts:Transcendents:Plaid Technologies is a new company in the software industry.advertisementadvertisementadvertisementAbstractBackground:Transparency is the enemy,"summarize: $13.4 and $14.4.4, $13,936.9, respectively, for the year 2016: $17.9 and $15.9 respectively, respectively.Transparency:advertisement",summarize: 12/11/2018 - 12/12/2018Transcript for TransmarizeTransmarize : 12/13/2018 –12/14/2018AbstractBackground EditDescription:Background EditBackground Edit EditDescription Edit,summarize: United States and the United States of America and the rest of the world.Article continues after adblocker:United States and its subsidiaries Edit Edit EditDescription EditDescription: Edit EditBackground EditDescriptionDescriptionDescription Edit Edit Description Edit,"summarize: San Francisco and New York City, USA, USAadvertisementadvertisementadvertisementAbout the Author: San San FranciscoAbstractBackground EditDescription:Description: Philadelphia: Philadelphia, PADescription: San Diego, USADescription:AbstractBackground: Philadelphia",summarize: Fintech is the future of the world of finance and finance.advertisementadvertisementAbstract of fintech and the Fintec.com.auAbstract of the fintec is a library of information and information.,"summarize: New Enterprise Associates, Spar Capital, Index Ventures, and the New Enterprise Group, Inc.About the Role of the Role Of The Role of The Role OfThe Role ofThe Role Of the Roleof the Role:"
22,Grammarly,$13,10/10/2019,United States,San Francisco,Internet software & services,"General Catalyst, Institutional Venture Partners, Breyer Capital",summarize: Grammarly and Grammar.com/grammar.php?lang=en_au_au.php?lang=au_AU_AU.txt?src=AU_PU_AU.txt?,"summarize: $13.00, $13, $15, $16, $17, $18, $20, $21, $11, $14, $12, $34.00...???...",summarize: 10/10/2019 - 10/11/2019Transcript fortranscript for Transcript forTranscript to Transcript to read more about theTranscript:advertisementadvertisementadvertisementAbstractBackground EditDescription EditDescriptionDescription:,summarize: United States and the United States of America and the rest of the world.Article continues after adblocker:United States and its subsidiaries Edit Edit EditDescription EditDescription: Edit EditBackground EditDescriptionDescriptionDescription Edit Edit Description Edit,"summarize: San Francisco and New York City, USA, USAadvertisementadvertisementadvertisementAbout the Author: San San FranciscoAbstractBackground EditDescription:Description: Philadelphia: Philadelphia, PADescription: San Diego, USADescription:AbstractBackground: Philadelphia","summarize: Internet software & services (2.2.0)About the Author: Internet Software & servicesadvertisementadvertisementadvertisementAbout the author: Internet Explorer is a computer programming language...,.. and.. [ edit ]","summarize: General Catalyst, Institutional Venture Partners, Breyer Capital and Crossover VenturesAbout the Author:advertisementAbout the author:General Catalyst is an investor-driven venture capital firm.advertisementadvertisementadvertisementAbout: General Capital:advertisement"
23,Devoted Health,$12.6,10/16/2018,United States,Waltham,Health,"Andreessen Horowitz, F-Prime Capital, Venrock",summarize: Devoted Health and the Future of Social Media and Social Media in the 21st century.Abstract: Devoting Health and Social media Edit Edit EditDescription Edit EditBackground EditDescription: Edit Edit : Edit Edit: Edit:,"summarize: $12.6 and $11.6.6, respectively, for the following year: $24.9 and $26.9 respectively, and $17.9 for the year 2017.advertisementadvertisementAbstract:",summarize: 10/16/2018 - 10/17/2018Transcript for TransmarizeTransmarize : 10/15/2018 |advertisementadvertisementAbstractBackground EditDescription:Description:advertisementadvertisementDescription:Abstract:Description :,summarize: United States and the United States of America and the rest of the world.Article continues after adblocker:United States and its subsidiaries Edit Edit EditDescription EditDescription: Edit EditBackground EditDescriptionDescriptionDescription Edit Edit Description Edit,"summarize: Waltham and the City of New York, New York City, New Year's Eve 2015.advertisementadvertisementAbstractBackground EditDescription EditDescriptionDescriptionDescription Edit Edit EditDescription Description EditDescription »Description Edit »Description » Edit","summarize: Health and the future of the human race: health and the human condition: health.advertisementadvertisementAbstractBackground: Health Edit Edit EditDescription: Edit Edit: Edit:... and.., and...","summarize: Andreessen Horowitz, F-Prime Capital, Venrock, and the New York Stock Exchange (NYSEMKT: NYSE: NYSEMK.COM)AbstractBackground:Introduction: Introduction to the business of investing"
24,Faire,$12.4,10/30/2019,United States,San Francisco,Artificial intelligence,"Khosla Ventures, Forerunner Ventures, Sequoia Capital",summarize: Faire de l’Etatrice de la fête de la l‘Etapeur: faire de la ville?advertisementadvertisementAbstractBackground and methodology EditBackground and procedure Edit Edit,"summarize: $12.4 and $13.4.4, respectively, for the following year and for the year 2016: $26.4: $28.9.9,00.00,00,000.",summarize: 10/30/2019 - 10/31/2019Transcript fortranscript for Transcript forTranscript to Transcript to 10/29/2019 – 10/27/2019AbstractBackground EditBackground EditDescription:,summarize: United States and the United States of America and the rest of the world.Article continues after adblocker:United States and its subsidiaries Edit Edit EditDescription EditDescription: Edit EditBackground EditDescriptionDescriptionDescription Edit Edit Description Edit,"summarize: San Francisco and New York City, USA, USAadvertisementadvertisementadvertisementAbout the Author: San San FranciscoAbstractBackground EditDescription:Description: Philadelphia: Philadelphia, PADescription: San Diego, USADescription:AbstractBackground: Philadelphia",summarize: Artificial intelligence and the Internet of Things (IoT) in the future: Artificial Intelligence and the internet of thingsadvertisementadvertisementAbstract: Artificial leadership and the future of the world: Artificial power and the world of the future,"summarize: Khosla Ventures, Forerunner Ventures, Sequoia Capital, and Crossover Ventures, Inc.About Khoslo Ventures and Forerunner: Khoia VenturesadvertisementadvertisementAbout the Khososla Foundation:"
25,Brex,$12.3,10/5/2018,United States,San Francisco,Fintech,"DST Global, Ribbit Capital, Greenoaks Capital Management","summarize: Brex and Brex, 2015, 16:17, 17:16, 17-17, 18:16:17:00, 16-16:00:00 and 16:15:00UTC+1","summarize: $12.3 and $11.3.3, respectively, for the year 2016: $17.2 and $13.2.1.0, respectively.Transparency: $9.3Transparency",summarize: 10/5/2018 | 11:30am | 12:00am | 10/6/2018Transcript forTranscript:Transcript : 10/10/2018 -2:30pmTranscript | 3,summarize: United States and the United States of America and the rest of the world.Article continues after adblocker:United States and its subsidiaries Edit Edit EditDescription EditDescription: Edit EditBackground EditDescriptionDescriptionDescription Edit Edit Description Edit,"summarize: San Francisco and New York City, USA, USAadvertisementadvertisementadvertisementAbout the Author: San San FranciscoAbstractBackground EditDescription:Description: Philadelphia: Philadelphia, PADescription: San Diego, USADescription:AbstractBackground: Philadelphia",summarize: Fintech is the future of the world of finance and finance.advertisementadvertisementAbstract of fintech and the Fintec.com.auAbstract of the fintec is a library of information and information.,"summarize: DST Global, Ribbit Capital, Greenoaks Capital Management, and Capital Capital ManagementTranscript for Transcript fortranscript forTranscript: Transcript, RedoaksCapital Management and Greenoak Capital Management"
26,SenseTime,$12,7/11/2017,China,Shanghai,Artificial intelligence,"Star VC, IDG Capital, Infore Capital, Alibaba Group",summarize: SenseTime.com/index.php?id=0.9.0.1.0Abstract: SenseSpace Edit Edit EditDescription Edit EditBackground EditDescription:Description EditDescriptionDescription Edit Contents EditDescription Description Edit,"summarize: $12,000,00,000.00,00.00: $16,000: $17,000; $12.00; $17.00...???...??...",summarize: 7/11/2017 | 10:00am |marize.com | 7/13/2017Transcript forTranscript:Transcript : 7/14/2017advertisementadvertisementadvertisementHide Transcript Show TranscriptHide Transcript »,summarize: China and the future of the world: Japan and South East Asia: Australia and South Africa: China.advertisementadvertisementAbstractBackground: China: China is changing its culture and traditions:advertisementadvertisementadvertisementAdvertisementAdvertisementAdvertisement:advertisement,"summarize: Shanghai and Hong Kong, China, Japan, Korea, and Taiwan.advertisementadvertisementAbstractBackground: ShanghaiAbstractBackground :Abstract:Abstract:Description:Description :Description:AbstractBackground EditDescription: ***Description: Edit Edit Edit",summarize: Artificial intelligence and the Internet of Things (IoT) in the future: Artificial Intelligence and the internet of thingsadvertisementadvertisementAbstract: Artificial leadership and the future of the world: Artificial power and the world of the future,"summarize: Star VC, IDG Capital, Infore Capital, Alibaba Group and CVC Capital Markets, Inc.About Star VC: Star Venture:advertisementadvertisementAbout Star Capital:Article continues after adblockadventure.com."
27,JUUL Labs,$12,12/20/2017,United States,San Francisco,Consumer & retail,Tiger Global Management,summarize: JUUL Labs and JUBUL Labs.com.auAbstract:AbstractBackground:Abstract:Background:Introduction:Background :Abstract: Contents:Introduction :Introduction:Introduction Edit Edit EditDescription:Description Edit Edit:,"summarize: $12,000,00,000.00,00.00: $16,000: $17,000; $12.00; $17.00...???...??...",summarize: 12/20/2017-12/21-12:00:00-17:00Transcript forTranscript of 12/21/2017Transcript and Format of the Day:Transcript & Format of News,summarize: United States and the United States of America and the rest of the world.Article continues after adblocker:United States and its subsidiaries Edit Edit EditDescription EditDescription: Edit EditBackground EditDescriptionDescriptionDescription Edit Edit Description Edit,"summarize: San Francisco and New York City, USA, USAadvertisementadvertisementadvertisementAbout the Author: San San FranciscoAbstractBackground EditDescription:Description: Philadelphia: Philadelphia, PADescription: San Diego, USADescription:AbstractBackground: Philadelphia","summarize: Consumer & retail (2016-present)Marketplace: Consumer, retail & retailArticle Tools Font size – + Share ThisArticle continues after adblock Follow Following Apr 1, 2017advertisementadvertisementadvertisementHide press release View as gallery Open Gallery","summarize: Tiger Global Management and the Tiger Global TeamAbout Tiger GlobalManagement.comArticle Tools Font size – + Share ThisArticle Continued BelowArticle continues after adblock Follow Following Apr 20, 2017advertisementadvertisementadvertisementHide press release Show press release"
28,Bitmain Technologies,$12,7/6/2018,China,Beijing,Hardware,"Coatue Management, Sequoia Capital China, IDG Capital",summarize: Bitmain Technologies and Bitstream TechnologiesTranscript for Transcript and TranscriptTranscript andTranscript:Transcript & Transcript: BitMain Technologies and Transcribe Technologies andTranscribeTranscript is from Bitmain,"summarize: $12,000,00,000.00,00.00: $16,000: $17,000; $12.00; $17.00...???...??...",summarize: 7/6/2018 | 10:30am | 11:00am | 14:00pm | 7/28/2018Transcript forTranscript:advertisementadvertisementadvertisementAbstractBackground EditDescriptionDescriptionDescription:Description:,summarize: China and the future of the world: Japan and South East Asia: Australia and South Africa: China.advertisementadvertisementAbstractBackground: China: China is changing its culture and traditions:advertisementadvertisementadvertisementAdvertisementAdvertisementAdvertisement:advertisement,"summarize: Beijing and Shanghai, China, 2012.advertisementadvertisementAbstractBackground: Sydney and Beijing: Beijing: Seoul and Shanghai: Seoul: BeijingadvertisementadvertisementHide Transcript Show Full TranscriptHide Transcript Hideyuki MiyajimaHide Transcript Transcript »",summarize: Hardware and Software:Hardware and Software :Hardware andSoftware:Hardware: Software: Hardware:Hardware :Hardware:Hardware Edit Edit EditEdit: Hardware Edit Edit: Hardware :Hardware Edit:HardwareDescription Edit:Description: Hardware,"summarize: Coatue Management, Sequoia Capital China, IDG Capital and CIMB Capital, CMC Markets, CITIC Group, Citi Group and IDG Energy.Transcript for Transcendental's 2017-2018"
29,Biosplice Therapeutics,$12,8/6/2018,United States,San Diego,Health,"Vickers Venture Partners, IKEA GreenTech","summarize: Biosplice Therapeutics and Biopharmaceuticals, Inc. (NYSE:BOS)Transcript for Bios Plice Theraputics and BiospaceTherapeuticsAbout BiosPliceTranscript","summarize: $12,000,00,000.00,00.00: $16,000: $17,000; $12.00; $17.00...???...??...",summarize: 8/6/2018 | 10:00ammarize.com | 8/7/2018Transcript for Transcript forTranscript of Transcript of Telemarize : 8/21/2018advertisementadvertisementadvertisement,summarize: United States and the United States of America and the rest of the world.Article continues after adblocker:United States and its subsidiaries Edit Edit EditDescription EditDescription: Edit EditBackground EditDescriptionDescriptionDescription Edit Edit Description Edit,"summarize: San Diego and San Francisco, California, United States, 2012.advertisementadvertisementAbstractBackground: San Francisco.Description:Description:Background: Philadelphia, Pennsylvania, United Kingdom and Canada:advertisementadvertisementTranscripts: Philadelphia:","summarize: Health and the future of the human race: health and the human condition: health.advertisementadvertisementAbstractBackground: Health Edit Edit EditDescription: Edit Edit: Edit:... and.., and...","summarize: Vickers Venture Partners, IKEA GreenTech and Vickers Capital Partners, Inc.About Vickers Ventures and IkeAGreenTech.com:advertisementadvertisementAboutVickers Venture is an investment vehicle for startups."
30,GoodLeap,$12,10/13/2021,United States,Roseville,Internet software & services,"New Enterprise Associates, BDT Capital Partners, Davidson Kempner Capital Management",summarize: GoodLeap is a good word in the language of the human body.advertisementLeap and Leap is not a good term in the same sense.Article continues below...Article continues after adblock adblockadblocker,"summarize: $12,000,00,000.00,00.00: $16,000: $17,000; $12.00; $17.00...???...??...",summarize: 10/13/2021-10/14/2022-10:00:00-11:0030-13/1722-2021:30-30-0000-00- Advertisement -,summarize: United States and the United States of America and the rest of the world.Article continues after adblocker:United States and its subsidiaries Edit Edit EditDescription EditDescription: Edit EditBackground EditDescriptionDescriptionDescription Edit Edit Description Edit,summarize: Roseville and the City of RosevilleTranscript forTranscript:Roseville and The City Of RosevilleadvertisementadvertisementCommentscommentsadvertisementadvertisementAbstractBackgroundBackground:advertisementadvertisementDescription:Description:Background:Abstract:Description :,"summarize: Internet software & services (2.2.0)About the Author: Internet Software & servicesadvertisementadvertisementadvertisementAbout the author: Internet Explorer is a computer programming language...,.. and.. [ edit ]","summarize: New Enterprise Associates, BDT Capital Partners, Davidson Kempner Capital Management and E.R. Smith & Co., Inc.About the New Enterprise Alliance Capital ManagementTranscript for Transcript for What's Eating Eating Like Like Like"
31,ZongMu Technology,$11.4,6/3/2021,China,Shanghai,Auto & transportation,"LTW Capital, Legend Capital, Qualcomm Ventures","summarize: ZongMu Technology and Engineering, Inc. and the Future of Computer Science and Information Processing and Storage.advertisementadvertisementAbstract of the future of computer processing and storage.advertisementAbstractBackground of Computer Processing and Information Sharing and Analysis","summarize: $11.4 and $12.4.4,000,000.00,00,000 and000,00.00 respectively, respectively.Transcript forTranscript: $22.4Article Continued Below",summarize: 6/3/2021-6/4/2022-6:00:00-8/5/2023-6-2021Transcript forTranscript of the year 2017-2022:,summarize: China and the future of the world: Japan and South East Asia: Australia and South Africa: China.advertisementadvertisementAbstractBackground: China: China is changing its culture and traditions:advertisementadvertisementadvertisementAdvertisementAdvertisementAdvertisement:advertisement,"summarize: Shanghai and Hong Kong, China, Japan, Korea, and Taiwan.advertisementadvertisementAbstractBackground: ShanghaiAbstractBackground :Abstract:Abstract:Description:Description :Description:AbstractBackground EditDescription: ***Description: Edit Edit Edit",summarize: Auto & transportationTranscript for Auto & TransportationTranscript:Transcript :Transcript of the dayTranscripts:Auto & transportationArticle Continued BelowArticle continues after adblockchain.comArticle Continued after adBlockchain,"summarize: LTW Capital, Legend Capital, Qualcomm Ventures, and Qualcomm VenturesTranscript for TransSource: TransSource Capital: Transsource Capital:Transsource:TransSource:Transcript: Qualcomm Ventures and TransSource CorporationTranssource"
32,Global Switch,$11.1,12/22/2016,United Kingdom,London,Hardware,"Aviation Industry Corporation of China, Essence Financial, Jiangsu Sha Steel Group",summarize: Global Switch and the future of the internet of things.advertisementadvertisementadvertisementAbstractBackground: GlobalSwitch and the Internet of ThingsadvertisementadvertisementBackground:Transparency is not always good for the soul.advertisementHide Transcript Show TranscriptSECOND,"summarize: $11.1 and $12.1.1, respectively, in the following table: $1.2.1:1.0.0.0.2.0.1.1.9.",summarize: 12/22/2016 (UTC+2)Transcript forTranscript:12/21/2016Transmarize : 12/20/2016AbstractBackgroundBackground EditDescription:Description:Background EditBackground EditIntroduction:,summarize: United Kingdom and the United States of America and the Middle East and the North Africa region of South East Asia and South Africa.Transcript for United KingdomTranscript: United States and South East AfricaTranscript and Copy of the,"summarize: London and New York, USA.advertisementadvertisementAbstractBackground: LondonadvertisementadvertisementDescription of London: LondonTranscript for London andNew York City: Philadelphia, USAadvertisementadvertisementadvertisementBackground: Philadelphia and New Orleans?advertisementadvertisement",summarize: Hardware and Software:Hardware and Software :Hardware andSoftware:Hardware: Software: Hardware:Hardware :Hardware:Hardware Edit Edit EditEdit: Hardware Edit Edit: Hardware :Hardware Edit:HardwareDescription Edit:Description: Hardware,"summarize: Aviation Industry Corporation of China, Essence Financial, Jiangsu Shaanxi Steel Group and Jiangsu Shunjiang International Paper Company, China National Construction and Engineering Corporation, Shanghai National Construction Corporation, China Construction & Engineering Corporation."
33,Celonis,$11,6/26/2018,Germany,Munich,Data management & analytics,"Accel, 83North",summarize: Celeste de la Cinque Terre de la LlebritaAbstract:AbstractBackground:Abstract:Description:Description :Abstract:Background:Description EditDescription:Abstract EditDescriptionDescription Edit Edit EditDescription Edit,"summarize: $11.00, $11,000, $14,000.00: $16,000: $22,000; $16.00; $17,000.., $17.00.",summarize: 6/26/2018-6/27/2018Transcript for TransmarizeTransmarize : 6/28/2018 -12:30pm Pacific Daylight Saving and Construction News ReleaseTransparency is the enemy of,summarize: Germany and the future of the EU: France and the UK: GermanyadvertisementadvertisementAbstract: France: Germany: Italy: Canada: GermanyGermany: France : France: FranceFrance : France : Canada: FranceGermany: Germany,"summarize: Munich, Germany, 2012.advertisementadvertisementAbstractBackground: MunichadvertisementadvertisementDescription: MunichAbstractBackground : MunichAbstract: Philadelphia, PA: Munich and Philadelphia, Philadelphia, and Philadelphia: Philadelphia and Philadelphia andPhiladelphia, Pennsylvania:",summarize: Data management & analytics (2nd edition)About the AuthorSummarize the Data Management & analytics: Data analysis & analytics.txt file: Data mining & analytics.txtFile: Data loss and analytics...,"summarize: Accel, 83, Madrid, Spain, 2017.Abstract:Abstract:Description:Description :Description:Introduction:Description Edit Edit EditDescription EditDescriptionDescriptionDescription Edit Description EditDescription:Article Continued BelowDescriptionDescription:Transparency"
34,Weilong,$10.88,5/8/2021,China,Luohe,Consumer & retail,"Tencent Holdings, Hillhouse Capital Management, Yunfeng Capital","summarize: Weilong-Kang-kang, South Korea, July 1, 2017.advertisementadvertisementAbstractBackground EditDescription EditBackground Edit Edit Edit... Edit.....""....""..""",summarize: $10.88 and $11.88 (or $12.00) per month.advertisementadvertisementadvertisementAbstract:advertisementadvertisementBackground:Description: $20.88Abstract: $30.00Abstract:.pdf,summarize: 5/8/2021-5/9/2022-23-2023-25-28-2026-27-2028-30-2020-2021AbstractBackground EditDescription EditDescription,summarize: China and the future of the world: Japan and South East Asia: Australia and South Africa: China.advertisementadvertisementAbstractBackground: China: China is changing its culture and traditions:advertisementadvertisementadvertisementAdvertisementAdvertisementAdvertisement:advertisement,"summarize: Luohe, Luohe and Kwanza, 2016AbstractBackground EditDescription:Abstract Edit Edit EditDescription EditDescriptionDescriptionDescription Edit EditAbstract EditDescription Description Edit Edit...Description Edit.... Edit Edit","summarize: Consumer & retail (2016-present)Marketplace: Consumer, retail & retailArticle Tools Font size – + Share ThisArticle continues after adblock Follow Following Apr 1, 2017advertisementadvertisementadvertisementHide press release View as gallery Open Gallery","summarize: Tencent Holdings, Hillhouse Capital Management, Yunfeng Capital and Yilin Capital, Inc.About Tencent Capital Corporation: ___________________________AboutTencent Holdings: ___________ ___________________ _______________________________"
35,Lalamove,$10,2/21/2019,Hong Kong,Cheung Sha Wan,"Supply chain, logistics, & delivery","MindWorks Ventures, Shunwei Capital Partners, Xiang He Capital","summarize: LalamoveTranslated from the French by Jean-Claude Bélaïs, French journalist and editor-in-residence: LalomoveTranscript forTranscript from the original article:Article Continued Below","summarize: $10,000, $10.00, $20, $25, $15, $16, $17, $18, $11, $9, $13.00.advertisementadvertisementadvertisementAbstract:",summarize: 2/21/2019 - 2/22/2019Transcript for TransmarizeTransmarize : 2/20/2019 –2/21 /2019Transmission Details DMCA- Advertisement -DescriptionDescription:Description:,"summarize: Hong Kong and Shanghai, China, Japan, Korea, Hong Kong etc.Article continues after adblocker:Hong Kong and Seoul: HongHong Kong is a city of convenience and diversity.advertisementadvertisementadvertisementAbstractBackground:","summarize: Cheung Sha Wan and Cheung Shui-yong, 2017.advertisementadvertisementadvertisementAbstract: Cheong Sha WanAbstract:Abstract:advertisementadvertisementDescription:Description:Abstract :advertisementadvertisementBackground:Background:Description :","summarize: Supply chain, logistics, & delivery and distribution. Supply chain: Supply Chain, logistics, & deliveryTranscript for Supply Chain: Supply chains, logistics & delivery... and delivery... and...","summarize: MindWorks Ventures, Shunwei Capital Partners, Xiang He Capital and S.C. Venture Partners, Inc.About MindWorks Venture Partners:advertisementadvertisementAboutMindWorks Ventures:advertisementAbout Mindworks Ventures:Article Continued Below"
36,Ripple,$10,12/20/2019,United States,San Francisco,Fintech,"IDG Capital, Venture51, Lightspeed Venture Partners",summarize: Ripple and the future of Bitcoin.com.Abstract: Ripple.comAbstract:Background:Abstract:Description:Description of the Ripple and Ethereum transactions:advertisementadvertisementDescription of Ripple and its ramifications:advertisementAbstract of the future,"summarize: $10,000, $10.00, $20, $25, $15, $16, $17, $18, $11, $9, $13.00.advertisementadvertisementadvertisementAbstract:",summarize: 12/20/2019 - 12/21/2019Transcript fortranscript for Transcript for transcript forTranscript to break downTranscript into three parts (1)Transcript and 4 parts (2),summarize: United States and the United States of America and the rest of the world.Article continues after adblocker:United States and its subsidiaries Edit Edit EditDescription EditDescription: Edit EditBackground EditDescriptionDescriptionDescription Edit Edit Description Edit,"summarize: San Francisco and New York City, USA, USAadvertisementadvertisementadvertisementAbout the Author: San San FranciscoAbstractBackground EditDescription:Description: Philadelphia: Philadelphia, PADescription: San Diego, USADescription:AbstractBackground: Philadelphia",summarize: Fintech is the future of the world of finance and finance.advertisementadvertisementAbstract of fintech and the Fintec.com.auAbstract of the fintec is a library of information and information.,"summarize: IDG Capital, Venture51, Lightspeed Venture Partners, and Lightspeed Media Ventures, Inc.About IDG Venture Partners:advertisementAbout IDg Capital:advertisementadvertisementAbout Lightspeed Ventures:advertisementAbstract of IDG"
37,Figma,$10,4/30/2020,United States,San Francisco,Internet software & services,"Index Ventures, Greylock Partners, Kleiner Perkins Caufield & Byers",summarize: Fig. 1.2.1.0.3.4.5.1:1.2:2.3:4.2-3.3-4.6.4-5.4:,"summarize: $10,000, $10.00, $20, $25, $15, $16, $17, $18, $11, $9, $13.00.advertisementadvertisementadvertisementAbstract:",summarize: 4/30/2020-4/31/2020Transcript for TransmarizeTranscript: 4:30/2019-4:20/2019Transcript of the Day 1st Quarter of 2017-2021,summarize: United States and the United States of America and the rest of the world.Article continues after adblocker:United States and its subsidiaries Edit Edit EditDescription EditDescription: Edit EditBackground EditDescriptionDescriptionDescription Edit Edit Description Edit,"summarize: San Francisco and New York City, USA, USAadvertisementadvertisementadvertisementAbout the Author: San San FranciscoAbstractBackground EditDescription:Description: Philadelphia: Philadelphia, PADescription: San Diego, USADescription:AbstractBackground: Philadelphia","summarize: Internet software & services (2.2.0)About the Author: Internet Software & servicesadvertisementadvertisementadvertisementAbout the author: Internet Explorer is a computer programming language...,.. and.. [ edit ]","summarize: Index Ventures, Greylock Partners, Kleiner Perkins Caufield & Byers and Kleiner Capital Group, Inc.About Index Ventures and Greylocker Partners:About Greylik Partners:advertisementadvertisementAbout Index"
38,Gusto,$10,12/18/2015,United States,San Francisco,Fintech,"General Catalyst Partners, Google Ventures, Kleiner Perkins Caufield & Byers",summarize: Gusto de la Torre de la Terraza de la PerrazaTranscript for Gusto De la Torrena de La TorreTranscript: Gustavo de las Torrens de la terraza,"summarize: $10,000, $10.00, $20, $25, $15, $16, $17, $18, $11, $9, $13.00.advertisementadvertisementadvertisementAbstract:",summarize: 12/18/2015-12/18-2015-11:00:00-01-18-16-16:00AbstractBackgroundBackground EditDescription EditDescriptionDescription Edit Edit EditDescription Description EditIntroduction Edit Edit,summarize: United States and the United States of America and the rest of the world.Article continues after adblocker:United States and its subsidiaries Edit Edit EditDescription EditDescription: Edit EditBackground EditDescriptionDescriptionDescription Edit Edit Description Edit,"summarize: San Francisco and New York City, USA, USAadvertisementadvertisementadvertisementAbout the Author: San San FranciscoAbstractBackground EditDescription:Description: Philadelphia: Philadelphia, PADescription: San Diego, USADescription:AbstractBackground: Philadelphia",summarize: Fintech is the future of the world of finance and finance.advertisementadvertisementAbstract of fintech and the Fintec.com.auAbstract of the fintec is a library of information and information.,"summarize: General Catalyst Partners, Google Ventures, Kleiner Perkins Caufield & Byers and KKR & Co, Inc.About the Fund:advertisementAbout the fund: $1.2 billion.advertisementadvertisementadvertisementAbout:"
39,reddit,$10,7/31/2017,United States,San Francisco,Internet software & services,"Y Combinator, Sequoia Capital, Coatue Management",summarize: reddit.com/r/c/c_c_s_summarized: redditAbstractBackground: redditIntroduction: reddit: redditDescription: redditConclusion: reddit : reddit: brazilian: boston:,"summarize: $10,000, $10.00, $20, $25, $15, $16, $17, $18, $11, $9, $13.00.advertisementadvertisementadvertisementAbstract:",summarize: 7/31/2017 (UTC+2)Transcript forTranscript: 7 /31/2016Transmarize : 7/30/2017advertisementadvertisementadvertisementAbstract:advertisementadvertisementTranscript :Abstract:Description:,summarize: United States and the United States of America and the rest of the world.Article continues after adblocker:United States and its subsidiaries Edit Edit EditDescription EditDescription: Edit EditBackground EditDescriptionDescriptionDescription Edit Edit Description Edit,"summarize: San Francisco and New York City, USA, USAadvertisementadvertisementadvertisementAbout the Author: San San FranciscoAbstractBackground EditDescription:Description: Philadelphia: Philadelphia, PADescription: San Diego, USADescription:AbstractBackground: Philadelphia","summarize: Internet software & services (2.2.0)About the Author: Internet Software & servicesadvertisementadvertisementadvertisementAbout the author: Internet Explorer is a computer programming language...,.. and.. [ edit ]","summarize: Y Combinator, Sequoia Capital, Coatue Management, and Blackstone Group, Inc.About Blackstone Capital Group, LLC, and Coatue Media, Inc..:advertisementadvertisementAboutBlackstone Capital:"
40,Talkdesk,$10,10/3/2018,United States,San Francisco,Internet software & services,"DJF, Salesforce Ventures, Storm Ventures",summarize: Talkdesk.com/en/index.php?id=11646464.htmlArticle Continued BelowAbstractBackground Edit Edit EditDescription Edit EditBackground EditDescriptionDescriptionDescription EditDescription Description Edit Edit Contents Edit Edit,"summarize: $10,000, $10.00, $20, $25, $15, $16, $17, $18, $11, $9, $13.00.advertisementadvertisementadvertisementAbstract:",summarize: 10/3/2018 - 10/4/2018Transcript fortranscript for Transcript forTranscript:10/5/2018 – 10/6/2018advertisementadvertisementAbstractBackground EditDescriptionDescription:Description:,summarize: United States and the United States of America and the rest of the world.Article continues after adblocker:United States and its subsidiaries Edit Edit EditDescription EditDescription: Edit EditBackground EditDescriptionDescriptionDescription Edit Edit Description Edit,"summarize: San Francisco and New York City, USA, USAadvertisementadvertisementadvertisementAbout the Author: San San FranciscoAbstractBackground EditDescription:Description: Philadelphia: Philadelphia, PADescription: San Diego, USADescription:AbstractBackground: Philadelphia","summarize: Internet software & services (2.2.0)About the Author: Internet Software & servicesadvertisementadvertisementadvertisementAbout the author: Internet Explorer is a computer programming language...,.. and.. [ edit ]","summarize: DJF, Salesforce Ventures, Storm Ventures and moreAbout the Author:advertisementAbout the author and the entrepreneur:advertisementadvertisementAbout: Storm Ventures.com.advertisementadvertisementadvertisementAbstract of the project: The start-up"
41,Notion Labs,$10,4/1/2020,United States,San Francisco,Internet software & services,"Index Ventures, Draft Ventures, Felicis Ventures",summarize: Notion Labs and the Future of the Internet of Things (FoI)advertisementadvertisement advertisementAbstractBackground of the Notion Foundation: NotION Labs and its members:advertisementadvertisementAbstract of the Foundation and its supporters:,"summarize: $10,000, $10.00, $20, $25, $15, $16, $17, $18, $11, $9, $13.00.advertisementadvertisementadvertisementAbstract:",summarize: 4/1/2020-4/2/2019-6/4/2018-2021-2023-2022-2020-2024-2025-2026-2028-2034,summarize: United States and the United States of America and the rest of the world.Article continues after adblocker:United States and its subsidiaries Edit Edit EditDescription EditDescription: Edit EditBackground EditDescriptionDescriptionDescription Edit Edit Description Edit,"summarize: San Francisco and New York City, USA, USAadvertisementadvertisementadvertisementAbout the Author: San San FranciscoAbstractBackground EditDescription:Description: Philadelphia: Philadelphia, PADescription: San Diego, USADescription:AbstractBackground: Philadelphia","summarize: Internet software & services (2.2.0)About the Author: Internet Software & servicesadvertisementadvertisementadvertisementAbout the author: Internet Explorer is a computer programming language...,.. and.. [ edit ]","summarize: Index Ventures, Draft Ventures, Felicis Ventures and the New York Venture Capital Group, Inc., Inc. and Felicisi Ventures.advertisementadvertisementAbstractBackground: Introduction: Introduction to the Internet of Things and the Internet"
42,Thrasio,$10,7/15/2020,United States,Walpole,Other,"Upper90, RiverPark Ventures, Advent International",summarize: Thrasio-Souza-Sulagio-Rouga.com.auAbstractBackground EditDescription EditDescriptionDescription EditBackground EditAbstract EditDescription:Description Edit Edit EditDescription »Description EditAbstract:,"summarize: $10,000, $10.00, $20, $25, $15, $16, $17, $18, $11, $9, $13.00.advertisementadvertisementadvertisementAbstract:",summarize: 7/15/2020-6/17/2019-7/18/2019 - 7/20/2019 – 7:00 pm ETadvertisementadvertisementadvertisementAbstractBackgroundBackground Edit Edit EditDescription EditDescriptionDescription Edit Edit,summarize: United States and the United States of America and the rest of the world.Article continues after adblocker:United States and its subsidiaries Edit Edit EditDescription EditDescription: Edit EditBackground EditDescriptionDescriptionDescription Edit Edit Description Edit,"summarize: Walpole and his wife, Anna, and their two children.Abstract:advertisementAbstract:Abstract:Description:Description :Abstract:Introduction:AbstractBackground:Description Edit EditDescription EditDescriptionDescription Edit:Description Description Edit:","summarize: Other and other languages: Other: Other, and other:Other: Other... and other.., and.....?............ and.... and......""","summarize: Upper90, RiverPark Ventures, Advent International and the New York Stock ExchangeAbout the Author:advertisementadvertisementadvertisementAbout the author:Article Tools Font size – + Share ThisTranscript for Transcript forTranscript: Transcript:"
43,Digital Currency Group,$10,11/1/2021,United States,New York,Finttech,"Ribbit Capital, capitalG, Softbank Group",summarize: Digital Currency Group (DCRG)About the Author: DCRG is a digital currency group.advertisementadvertisementAbstract of the Digital Currency and its applications:advertisementadvertisementadvertisementTransparency is not always a good thing.,"summarize: $10,000, $10.00, $20, $25, $15, $16, $17, $18, $11, $9, $13.00.advertisementadvertisementadvertisementAbstract:",summarize: 11/1/2021-11/2/2022-11:11:00:00-1/1723-2026-2027-2028-2030-2034-2021,summarize: United States and the United States of America and the rest of the world.Article continues after adblocker:United States and its subsidiaries Edit Edit EditDescription EditDescription: Edit EditBackground EditDescriptionDescriptionDescription Edit Edit Description Edit,"summarize: New York, New York City, New Jersey, United StatesadvertisementadvertisementAbstractBackground EditDescription: Introduction: New New York Edit Edit EditDescription Edit Edit: New Year Edit Edit... Edit Edit » Edit Edit :",summarize: Fintech and the future of crypto-adventure.comAbstract:advertisementadvertisementAbstract: Introduction: F.C.E.R.S.T.C..Abstract:Abstract:Description:Description of the,"summarize: Ribbit Capital, capitalG, Softbank Group and the Future of Softbank.com.mx/2qEqEjEj EjEq Ej Eq EqE: SoftbankGroup"
44,OutSystems,$9.5,6/5/2018,United States,Boston,Internet software & services,"KKR, ES Ventures, North Bridge Growth Equity","summarize: OutSystems.com/outSystems/OutSystems.com/components/outsystems/out.php?sources.txt.txt... and.txt...,.","summarize: $9.5-10,000,000$9.0,00,00.00,000.00.0.00 -??????????!??...",summarize: 6/5/2018 | 10:30am | 11:00am | 16:00pm | 18/11/2018Transcript and Photos: 6-5-2018Transcribing and editing:advertisementadvertisement,summarize: United States and the United States of America and the rest of the world.Article continues after adblocker:United States and its subsidiaries Edit Edit EditDescription EditDescription: Edit EditBackground EditDescriptionDescriptionDescription Edit Edit Description Edit,"summarize: Boston and New York City, respectively.advertisementadvertisementAbstractBackground: BostonAbstract: Philadelphia and New Jersey: BostonadvertisementadvertisementDescription: Philadelphia: PhiladelphiaadvertisementadvertisementPhiladelphia Edit: Philadelphia Edit: Dallas Edit: Houston Edit: Boston","summarize: Internet software & services (2.2.0)About the Author: Internet Software & servicesadvertisementadvertisementadvertisementAbout the author: Internet Explorer is a computer programming language...,.. and.. [ edit ]","summarize: KKR, ES Ventures, North Bridge Growth Equity and KKR & Co. Capital Markets, EY Capital Partners, and EY Venture Partners.About KKR and EYE Capital Markets:advertisementadvertisementAbout EY"
45,ServiceTitan,$9.5,11/14/2018,United States,Glendale,Internet software & services,"Bessemer Venture Partners, ICONIQ Capital, Battery Ventures","summarize: ServiceTitan is a service that can be used as a server.... and.., and.,..... and............ and.......... and....","summarize: $9.5-10,000,000$9.0,00,00.00,000.00.0.00 -??????????!??...",summarize: 11/14/2018-11:00:00-11/16/2018Transcript for Transcript forTranscript:11/15/2018 -11:30:00 UTC Full articleTranscript and Video,summarize: United States and the United States of America and the rest of the world.Article continues after adblocker:United States and its subsidiaries Edit Edit EditDescription EditDescription: Edit EditBackground EditDescriptionDescriptionDescription Edit Edit Description Edit,"summarize: Glendale, California, United States, 2016-17, 2016, GlendaleadvertisementadvertisementadvertisementAbstractBackground EditDescription:advertisementadvertisementDescription:Transparency Edit Edit EditDescription Edit Edit... Edit Edit »Description:","summarize: Internet software & services (2.2.0)About the Author: Internet Software & servicesadvertisementadvertisementadvertisementAbout the author: Internet Explorer is a computer programming language...,.. and.. [ edit ]","summarize: Bessemer Venture Partners, ICONIQ Capital, Battery Ventures and ICONI Capital.About the Venture Capital Group, Inc. and its affiliates:advertisementAbout the VCs and their respective affiliates and subsidiaries:commissioned"
46,HEYTEA,$9.28,7/1/2019,China,Shenzhen,Other,"Sequoia Capital China, Tencent Investment, BA Capital",summarize: HEYTEA-YOUR-SURVIVA-SULVIVE-YETA-RYYTEKURTURGURSURGRAWY: ***************advertisement,"summarize: $9.28 and $10.00, respectively, for the month of June: $14.28.advertisementadvertisementAbstractBackground:advertisementadvertisementadvertisementTransparency: $4.28 is a relative term for the",summarize: 7/1/2019 - 7/2/2019Transcript fortranscript for Transcript forTranscript:Transcript : 7/3/2019 – 7/4/2019Article Tools Font size – + Share This,summarize: China and the future of the world: Japan and South East Asia: Australia and South Africa: China.advertisementadvertisementAbstractBackground: China: China is changing its culture and traditions:advertisementadvertisementadvertisementAdvertisementAdvertisementAdvertisement:advertisement,"summarize: Shenzhen and Shanghai, Shenzhen, Shanghai, Shanghai and ShenzhenTranscript for Shenzhen Edit Edit EditDescription Edit EditBackground EditDescription: Edit Edit: Edit: Introduction Edit: SydneyDescription: Sydneyside","summarize: Other and other languages: Other: Other, and other:Other: Other... and other.., and.....?............ and.... and......""","summarize: Sequoia Capital China, Tencent Investment, BA Capital and Baidu, Alibaba Group Holding, and Citi Group, Inc.About the Author:advertisementadvertisementAbout the author:Article Tools Font size – + Share This"
47,N26,$9.23,1/10/2019,Germany,Berlin,Fintech,"Redalpine Venture Partners, Earlybird Venture Capital, Valar Ventures","summarize: N26,000,000.000.00,00.00.000,00,000:00.01.00:00,001.00;00,01:00 and00:01.000","summarize: $9.23 and $8.23.17.17, respectively, for the year 2016: $14.33 and $11.17 respectively, respectively.Article continues after adblocker.comArticle Continued Below",summarize: 1/10/2019 - 10:00amagazine.com/news-marize-1/20/2019-2019-02-13:00:00 GMT+2:00pm GMT+3,summarize: Germany and the future of the EU: France and the UK: GermanyadvertisementadvertisementAbstract: France: Germany: Italy: Canada: GermanyGermany: France : France: FranceFrance : France : Canada: FranceGermany: Germany,"summarize: Berlin, Berlin, Germany, Berlin.advertisementadvertisementAbstractBackground EditDescription:Abstract: BerlinAbstract:advertisementDescription: BerlinDescription: Philadelphia, PADescription: Dallas, USADescription: Houston, TXDescription:Houston, USA",summarize: Fintech is the future of the world of finance and finance.advertisementadvertisementAbstract of fintech and the Fintec.com.auAbstract of the fintec is a library of information and information.,"summarize: Redalpine Venture Partners, Earlybird Venture Capital, Valar Ventures and the New York-based Venture Capital Group.About Redal Pine Venture Partners and Earlybird VenturesTranscript for REDalpine Capital and Valar Venture"
48,Klaviyo,$9.2,11/17/2020,United States,Boston,Internet software & services,"Summit Partners, Accel, Astral Capital",summarize: Klaviyo-Konstantinova-Golmarize.gov.uk/summarized: KlavaiyoadvertisementadvertisementAbstractBackground EditDescriptionDescription EditDescription Edit Edit EditDescription »Description Edit,"summarize: $9.2$9.3$9,9.1 $9,8.2 $11.2???!??...?.??...............",summarize: 11/17/2020-11/18/2019-11:00:00-20:00 UTC- Advertisement -AbstractBackground EditDescription Edit Edit EditDescriptionDescriptionDescription EditDescription Description EditDescription »Description Edit:,summarize: United States and the United States of America and the rest of the world.Article continues after adblocker:United States and its subsidiaries Edit Edit EditDescription EditDescription: Edit EditBackground EditDescriptionDescriptionDescription Edit Edit Description Edit,"summarize: Boston and New York City, respectively.advertisementadvertisementAbstractBackground: BostonAbstract: Philadelphia and New Jersey: BostonadvertisementadvertisementDescription: Philadelphia: PhiladelphiaadvertisementadvertisementPhiladelphia Edit: Philadelphia Edit: Dallas Edit: Houston Edit: Boston","summarize: Internet software & services (2.2.0)About the Author: Internet Software & servicesadvertisementadvertisementadvertisementAbout the author: Internet Explorer is a computer programming language...,.. and.. [ edit ]","summarize: Summit Partners, Accel, Astral Capital and Crossover Ventures, Crossover Venture Partners, CVC Capital, and Citi Ventures.About Crossover Capital and Accel: Summit is a business development and marketing company."
49,Northvolt,$9.08,6/12/2019,Sweden,Stockholm,Other,"Vattenfall, Volkswagen Group, Goldman Sachs","summarize: North Korea's nuclear ambitions and nuclear weapons development plans.advertisementadvertisementAbstractBackground Edit Edit Edit... Edit.....""...."".."".""."".. ""... and... and..",summarize: $9.08 - $11.00 - $14.08-9.00-10.00 – $12.92 - $9..00-11.92-17.0000-17:,summarize: 6/12/2019 - 10:00ammarize-6/13/2019Transcript forTranscriptor: 6:12/2018 - 7:30ammarized.comArticle continues after adblocker,summarize: Sweden and the rest of the world in the summer of 2014.advertisementadvertisementadvertisementAbstract: SwedenadvertisementadvertisementAdvertisementAdvertisementAdvertisement:advertisementadvertisementHide Transcript Show Transcript Transcript Transcripts: Sweden is a country of extremes.advertisementHide caption,"summarize: Stockholm, Sweden, 2016.advertisementadvertisementAbstractBackground: StockholmadvertisementadvertisementHide Transcript Show TranscriptHide Transcript »AbstractBackground : Stockholm: Stockholm is a small city and its inhabitants live and die with relative ease.Article Continued Below","summarize: Other and other languages: Other: Other, and other:Other: Other... and other.., and.....?............ and.... and......""","summarize: Vattenfall, Volkswagen Group, Goldman Sachs and Citi, Citigroup, JPMorgan Chase and Wells Fargo & Co., Citigroup and Goldman SachsTranscript for TranscontinentalExxon Mobil, Volkswagen, Citroen, Goldman"
